PM,num_of_ticker,average_price,date
ABC,1,154.6620958,1/1/2020
ABC,1,276.7122942,1/2/2020
ABC,1,294.1970371,1/3/2020
ABC,2,250.6747395,1/4/2020
ABC,2,118.8846406,1/5/2020
ABC,2,269.8022241,1/6/2020
ABC,2,169.5900562,1/7/2020
ABC,2,266.7739473,1/8/2020
ABC,3,108.8839726,1/9/2020
ABC,3,253.037797,1/10/2020
ABC,4,261.083731,1/11/2020
ABC,4,155.2484926,1/12/2020
ABC,4,298.9919912,1/13/2020
ABC,4,156.3852316,1/14/2020
ABC,4,152.3205096,1/15/2020
ABC,4,297.8265808,1/16/2020
ABC,4,150.1824925,1/17/2020
ABC,5,177.4472493,1/18/2020
ABC,5,240.7964573,1/19/2020
ABC,5,287.7275103,1/20/2020
ABC,5,120.5081886,1/21/2020
ABC,5,281.7060851,1/22/2020
ABC,5,251.5727252,1/23/2020
ABC,6,129.6928986,1/24/2020
ABC,6,263.8054265,1/25/2020
ABC,6,295.8234992,1/26/2020
ABC,6,252.025826,1/27/2020
ABC,6,224.153131,1/28/2020
ABC,6,215.6702835,1/29/2020
ABC,6,188.3076876,1/30/2020
ABC,7,274.5135089,1/31/2020
ABC,7,270.0193543,2/1/2020
ABC,7,290.5324538,2/2/2020
ABC,7,239.3620035,2/3/2020
ABC,7,258.3034193,2/4/2020
ABC,8,166.1954193,2/5/2020
ABC,8,233.2420725,2/6/2020
ABC,8,121.1085675,2/7/2020
ABC,8,261.1814534,2/8/2020
ABC,8,292.8400523,2/9/2020
ABC,8,205.1637023,2/10/2020
ABC,8,166.0052864,2/11/2020
ABC,9,114.625669,2/12/2020
ABC,9,286.4846112,2/13/2020
ABC,9,191.7567618,2/14/2020
ABC,9,275.3884093,2/15/2020
ABC,9,104.3885004,2/16/2020
ABC,9,267.389378,2/17/2020
ABC,10,238.1984852,2/18/2020
ABC,10,105.9785189,2/19/2020
ABC,10,188.8762231,2/20/2020
ABC,10,281.3070416,2/21/2020
ABC,11,187.9699518,2/22/2020
ABC,11,258.067351,2/23/2020
ABC,11,192.4351335,2/24/2020
ABC,12,262.8634431,2/25/2020
ABC,12,240.9422693,2/26/2020
ABC,12,121.7520809,2/27/2020
ABC,12,104.906571,2/28/2020
ABC,13,169.7775028,2/29/2020
ABC,13,114.5871769,3/1/2020
ABC,13,174.2690259,3/2/2020
ABC,13,150.3629,3/3/2020
ABC,14,290.6115935,3/4/2020
ABC,14,123.9173836,3/5/2020
ABC,14,148.3852898,3/6/2020
ABC,14,173.0495154,3/7/2020
ABC,14,220.1525189,3/8/2020
ABC,14,246.1720547,3/9/2020
ABC,15,132.4054908,3/10/2020
ABC,15,233.0486879,3/11/2020
ABC,15,178.1176463,3/12/2020
ABC,15,279.3904252,3/13/2020
ABC,16,125.1332414,3/14/2020
ABC,16,254.1184579,3/15/2020
ABC,17,268.3696331,3/16/2020
ABC,17,276.9657305,3/17/2020
ABC,17,211.4056652,3/18/2020
ABC,17,258.9306353,3/19/2020
ABC,18,177.7716034,3/20/2020
ABC,18,201.4743848,3/21/2020
ABC,18,225.6906853,3/22/2020
ABC,18,154.7288711,3/23/2020
ABC,18,250.2010133,3/24/2020
ABC,18,296.1288438,3/25/2020
ABC,18,194.1890837,3/26/2020
ABC,19,172.2661263,3/27/2020
ABC,19,119.675006,3/28/2020
ABC,19,112.5542644,3/29/2020
ABC,19,137.9782923,3/30/2020
ABC,19,160.9524077,3/31/2020
ABC,20,248.3655002,4/1/2020
ABC,20,250.249363,4/2/2020
ABC,20,118.8868624,4/3/2020
ABC,20,248.0402918,4/4/2020
ABC,21,149.0437331,4/5/2020
ABC,21,112.70347,4/6/2020
ABC,22,204.2519716,4/7/2020
ABC,22,275.0725874,4/8/2020
ABC,22,285.630252,4/9/2020
ABC,23,242.2014176,4/10/2020
ABC,23,192.7492914,4/11/2020
ABC,23,219.0611757,4/12/2020
ABC,23,207.3881531,4/13/2020
ABC,23,250.8588415,4/14/2020
ABC,24,184.5492982,4/15/2020
ABC,24,113.0134398,4/16/2020
ABC,24,284.1754241,4/17/2020
ABC,24,187.8989807,4/18/2020
ABC,25,265.5242933,4/19/2020
ABC,25,224.8710483,4/20/2020
ABC,25,288.0913067,4/21/2020
ABC,25,228.7598642,4/22/2020
ABC,25,256.9509674,4/23/2020
ABC,26,192.3953642,4/24/2020
ABC,26,246.235275,4/25/2020
ABC,26,126.0439823,4/26/2020
ABC,26,196.3737153,4/27/2020
ABC,26,254.5126136,4/28/2020
ABC,26,117.3284494,4/29/2020
ABC,27,160.3965866,4/30/2020
ABC,27,153.1931922,5/1/2020
ABC,27,107.4281336,5/2/2020
ABC,28,291.0599985,5/3/2020
ABC,28,220.7582647,5/4/2020
ABC,28,207.0764637,5/5/2020
ABC,29,257.8882288,5/6/2020
ABC,29,286.8921357,5/7/2020
ABC,29,255.6741231,5/8/2020
ABC,29,228.6410989,5/9/2020
ABC,30,171.3444164,5/10/2020
ABC,31,258.8055595,5/11/2020
ABC,31,227.7863731,5/12/2020
ABC,31,184.2759444,5/13/2020
ABC,31,224.1397289,5/14/2020
ABC,32,183.7920699,5/15/2020
ABC,32,205.064229,5/16/2020
ABC,32,224.0689833,5/17/2020
ABC,33,295.3816102,5/18/2020
ABC,33,116.0995379,5/19/2020
ABC,34,234.8777297,5/20/2020
ABC,34,216.0342721,5/21/2020
ABC,34,141.3423643,5/22/2020
ABC,34,237.9859073,5/23/2020
ABC,35,194.0072203,5/24/2020
ABC,35,120.3229687,5/25/2020
ABC,35,157.4994284,5/26/2020
ABC,35,176.5615492,5/27/2020
ABC,36,184.2254044,5/28/2020
ABC,36,161.4797962,5/29/2020
ABC,36,200.6784915,5/30/2020
ABC,37,290.4089532,5/31/2020
ABC,37,294.7778868,6/1/2020
ABC,37,166.6384952,6/2/2020
ABC,37,202.4741434,6/3/2020
ABC,37,189.8971075,6/4/2020
ABC,37,243.8846876,6/5/2020
ABC,37,286.0071276,6/6/2020
ABC,37,167.8577821,6/7/2020
ABC,38,174.9182322,6/8/2020
ABC,38,140.4872047,6/9/2020
ABC,38,212.0192476,6/10/2020
ABC,38,192.5839928,6/11/2020
ABC,38,187.7155543,6/12/2020
ABC,39,265.293806,6/13/2020
ABC,39,233.7468235,6/14/2020
ABC,40,292.7232091,6/15/2020
ABC,40,248.6824048,6/16/2020
ABC,40,120.6186527,6/17/2020
ABC,41,185.3339041,6/18/2020
ABC,41,193.7278273,6/19/2020
ABC,41,126.8657912,6/20/2020
ABC,42,109.0936794,6/21/2020
ABC,42,181.2789224,6/22/2020
ABC,42,143.2034587,6/23/2020
ABC,42,189.5758397,6/24/2020
ABC,42,257.6096223,6/25/2020
ABC,42,258.5296281,6/26/2020
ABC,43,157.071041,6/27/2020
ABC,43,133.8056598,6/28/2020
ABC,43,291.4481034,6/29/2020
ABC,43,246.9180819,6/30/2020
ABC,44,260.1559414,7/1/2020
ABC,44,194.100873,7/2/2020
ABC,44,100.2565952,7/3/2020
ABC,44,164.282218,7/4/2020
ABC,45,268.378536,7/5/2020
ABC,45,241.8045524,7/6/2020
ABC,45,124.8550255,7/7/2020
ABC,45,251.3688429,7/8/2020
ABC,45,222.7117423,7/9/2020
ABC,45,273.1158786,7/10/2020
ABC,46,292.0437089,7/11/2020
ABC,46,245.0201297,7/12/2020
ABC,46,145.0740611,7/13/2020
ABC,47,234.2654701,7/14/2020
ABC,47,231.1859963,7/15/2020
ABC,47,266.1499726,7/16/2020
ABC,47,270.5118957,7/17/2020
ABC,48,265.7560757,7/18/2020
ABC,49,197.083153,7/19/2020
ABC,49,209.6797947,7/20/2020
ABC,50,202.0817674,7/21/2020
ABC,50,170.9630647,7/22/2020
ABC,50,240.261628,7/23/2020
ABC,50,215.1462906,7/24/2020
ABC,50,141.2268836,7/25/2020
ABC,51,281.5992595,7/26/2020
ABC,51,230.8288906,7/27/2020
ABC,51,170.2103474,7/28/2020
ABC,51,219.6343003,7/29/2020
ABC,51,141.0341053,7/30/2020
ABC,51,279.100091,7/31/2020
ABC,52,138.432924,8/1/2020
ABC,52,168.9284185,8/2/2020
ABC,52,186.5541841,8/3/2020
ABC,52,158.1540767,8/4/2020
ABC,53,270.8867159,8/5/2020
ABC,53,273.2098006,8/6/2020
ABC,53,254.7440932,8/7/2020
ABC,54,238.6015883,8/8/2020
ABC,54,264.8651914,8/9/2020
ABC,54,263.5993473,8/10/2020
ABC,55,277.3084966,8/11/2020
ABC,55,205.5956925,8/12/2020
ABC,55,265.7495423,8/13/2020
ABC,57,282.6048138,8/14/2020
ABC,57,202.3987052,8/15/2020
ABC,57,216.7612585,8/16/2020
ABC,58,250.8983026,8/17/2020
ABC,58,217.7978864,8/18/2020
ABC,58,285.6981269,8/19/2020
ABC,58,202.282423,8/20/2020
ABC,58,111.5554008,8/21/2020
ABC,58,251.0827179,8/22/2020
ABC,58,241.2378995,8/23/2020
ABC,59,200.5366841,8/24/2020
ABC,59,143.1731594,8/25/2020
ABC,59,275.7348657,8/26/2020
ABC,60,227.4660603,8/27/2020
ABC,60,250.1166089,8/28/2020
ABC,60,135.1385027,8/29/2020
ABC,60,252.8331073,8/30/2020
ABC,61,234.9001899,8/31/2020
ABC,61,232.22786,9/1/2020
ABC,61,176.3492812,9/2/2020
ABC,61,128.9298854,9/3/2020
ABC,61,219.7419685,9/4/2020
ABC,62,292.1513426,9/5/2020
ABC,62,170.3107042,9/6/2020
ABC,62,130.9962598,9/7/2020
ABC,62,207.0404931,9/8/2020
ABC,62,272.0784481,9/9/2020
ABC,62,207.7205917,9/10/2020
ABC,62,291.7690072,9/11/2020
ABC,63,106.9389956,9/12/2020
ABC,63,101.3558678,9/13/2020
ABC,64,165.551089,9/14/2020
ABC,64,260.5528286,9/15/2020
ABC,64,287.9362385,9/16/2020
ABC,64,154.1585282,9/17/2020
ABC,64,108.6796328,9/18/2020
ABC,64,246.7371584,9/19/2020
ABC,64,266.725604,9/20/2020
ABC,65,209.3531098,9/21/2020
ABC,65,179.7269581,9/22/2020
ABC,65,249.2531989,9/23/2020
ABC,65,157.047641,9/24/2020
ABC,66,263.5990835,9/25/2020
ABC,66,228.7814253,9/26/2020
ABC,66,232.2037392,9/27/2020
ABC,66,296.8912162,9/28/2020
ABC,66,187.0111773,9/29/2020
ABC,66,156.7109682,9/30/2020
ABC,66,258.4433967,10/1/2020
ABC,66,295.8347417,10/2/2020
ABC,67,185.1675,10/3/2020
ABC,67,132.8258286,10/4/2020
ABC,67,149.5618119,10/5/2020
ABC,67,113.5667283,10/6/2020
ABC,68,147.5384548,10/7/2020
ABC,68,236.6699205,10/8/2020
ABC,68,275.2620845,10/9/2020
ABC,68,107.066916,10/10/2020
ABC,68,169.4406905,10/11/2020
ABC,68,229.0585723,10/12/2020
ABC,68,203.3855326,10/13/2020
ABC,69,181.7531259,10/14/2020
ABC,69,169.1875111,10/15/2020
ABC,70,277.6607701,10/16/2020
ABC,70,179.432889,10/17/2020
ABC,70,103.228574,10/18/2020
ABC,70,150.8927103,10/19/2020
ABC,70,124.3214802,10/20/2020
ABC,70,171.1630418,10/21/2020
ABC,71,217.7410618,10/22/2020
ABC,71,233.9767977,10/23/2020
ABC,71,111.4364348,10/24/2020
ABC,72,239.715442,10/25/2020
ABC,72,168.0057826,10/26/2020
ABC,72,283.5610542,10/27/2020
ABC,72,232.6810625,10/28/2020
ABC,73,234.4056604,10/29/2020
ABC,73,132.6428886,10/30/2020
ABC,73,122.9642431,10/31/2020
ABC,73,244.5230742,11/1/2020
ABC,73,234.7052329,11/2/2020
ABC,74,238.1500741,11/3/2020
ABC,74,168.9595621,11/4/2020
ABC,75,248.2359085,11/5/2020
ABC,75,156.200173,11/6/2020
ABC,75,188.1137938,11/7/2020
ABC,75,125.2585172,11/8/2020
ABC,75,211.2792937,11/9/2020
ABC,76,135.2301827,11/10/2020
ABC,76,238.7230429,11/11/2020
ABC,76,231.9151836,11/12/2020
ABC,76,265.3663037,11/13/2020
ABC,77,238.4496782,11/14/2020
ABC,77,159.6110135,11/15/2020
ABC,77,195.3831826,11/16/2020
ABC,77,201.2207653,11/17/2020
ABC,77,258.9302898,11/18/2020
ABC,78,265.6870575,11/19/2020
ABC,78,106.5897945,11/20/2020
ABC,78,241.1908646,11/21/2020
ABC,78,130.3482697,11/22/2020
ABC,79,231.8198174,11/23/2020
ABC,80,193.613918,11/24/2020
ABC,80,265.1092942,11/25/2020
ABC,80,236.8587752,11/26/2020
ABC,80,208.7749614,11/27/2020
ABC,80,276.9851014,11/28/2020
ABC,80,155.3874017,11/29/2020
ABC,80,266.2422818,11/30/2020
ABC,80,154.5811541,12/1/2020
ABC,80,219.0251817,12/2/2020
ABC,80,254.7841303,12/3/2020
ABC,81,165.9695767,12/4/2020
ABC,81,299.2949092,12/5/2020
ABC,81,155.9970257,12/6/2020
ABC,81,150.0824554,12/7/2020
ABC,82,277.3756136,12/8/2020
ABC,82,112.5376836,12/9/2020
ABC,82,265.5300702,12/10/2020
ABC,82,293.938734,12/11/2020
ABC,82,272.4681178,12/12/2020
ABC,82,299.4140253,12/13/2020
ABC,82,251.9067967,12/14/2020
ABC,82,200.1915133,12/15/2020
ABC,83,240.6663246,12/16/2020
ABC,83,113.7934112,12/17/2020
ABC,84,122.7219487,12/18/2020
ABC,84,141.5259512,12/19/2020
ABC,84,270.606556,12/20/2020
ABC,84,242.6022488,12/21/2020
ABC,84,220.6756515,12/22/2020
ABC,84,211.1838143,12/23/2020
ABC,84,126.2203168,12/24/2020
ABC,85,231.4795477,12/25/2020
ABC,85,276.453204,12/26/2020
ABC,85,253.0579942,12/27/2020
ABC,85,187.0212126,12/28/2020
ABC,86,177.5801081,12/29/2020
ABC,86,152.7641988,12/30/2020
ABC,86,210.1488953,12/31/2020
ABC,86,210.3085253,1/1/2021
ABC,87,262.4411788,1/2/2021
ABC,87,238.0157667,1/3/2021
ABC,88,286.6722258,1/4/2021
ABC,88,264.505308,1/5/2021
ABC,88,269.8052847,1/6/2021
ABC,88,222.7351544,1/7/2021
ABC,88,232.2843561,1/8/2021
ABC,88,125.452557,1/9/2021
ABC,89,295.0900328,1/10/2021
ABC,89,190.6090884,1/11/2021
ABC,90,127.6781275,1/12/2021
ABC,91,286.3051575,1/13/2021
ABC,91,243.2421903,1/14/2021
ABC,91,230.843009,1/15/2021
ABC,91,281.4156231,1/16/2021
ABC,92,268.5749668,1/17/2021
ABC,93,222.999353,1/18/2021
ABC,93,166.4961681,1/19/2021
ABC,93,278.133575,1/20/2021
ABC,93,162.228145,1/21/2021
ABC,94,234.0071693,1/22/2021
ABC,94,252.8984725,1/23/2021
ABC,94,113.7043337,1/24/2021
ABC,94,143.4260567,1/25/2021
ABC,95,198.413963,1/26/2021
ABC,95,195.0369979,1/27/2021
ABC,95,156.5151581,1/28/2021
ABC,95,108.5678611,1/29/2021
ABC,95,210.2650588,1/30/2021
ABC,96,233.4005018,1/31/2021
ABC,96,160.5537424,2/1/2021
ABC,96,170.5459237,2/2/2021
ABC,97,281.4113727,2/3/2021
ABC,97,264.6349725,2/4/2021
ABC,97,204.4819511,2/5/2021
ABC,98,146.519128,2/6/2021
ABC,98,139.5237251,2/7/2021
ABC,98,115.7540615,2/8/2021
ABC,98,198.9329983,2/9/2021
ABC,99,146.981068,2/10/2021
ABC,99,220.6350851,2/11/2021
ABC,99,279.4876029,2/12/2021
ABC,100,256.4673474,2/13/2021
ABC,100,197.561337,2/14/2021
ABC,100,169.9869007,2/15/2021
ABC,101,207.6123835,2/16/2021
ABC,101,227.5798348,2/17/2021
ABC,102,148.3785547,2/18/2021
ABC,102,233.9704198,2/19/2021
ABC,102,248.8086207,2/20/2021
ABC,103,182.781412,2/21/2021
ABC,103,253.0214881,2/22/2021
ABC,103,189.8307826,2/23/2021
ABC,103,177.3173625,2/24/2021
ABC,103,245.6502558,2/25/2021
ABC,104,243.7810242,2/26/2021
ABC,104,192.0654287,2/27/2021
ABC,104,224.5749575,2/28/2021
ABC,104,226.7456235,3/1/2021
ABC,105,184.4723949,3/2/2021
ABC,105,124.7218863,3/3/2021
ABC,106,157.2138109,3/4/2021
ABC,107,175.6253393,3/5/2021
ABC,107,139.5318893,3/6/2021
ABC,107,292.5872462,3/7/2021
ABC,107,212.837104,3/8/2021
ABC,107,208.6266785,3/9/2021
ABC,108,297.5282343,3/10/2021
ABC,108,236.6766759,3/11/2021
ABC,108,168.6971249,3/12/2021
ABC,108,199.1437358,3/13/2021
ABC,108,282.9212063,3/14/2021
ABC,108,164.6915519,3/15/2021
ABC,108,106.5698473,3/16/2021
ABC,109,212.8093898,3/17/2021
ABC,109,292.1733341,3/18/2021
ABC,109,161.8224868,3/19/2021
ABC,109,294.8319459,3/20/2021
ABC,109,175.6750064,3/21/2021
ABC,110,208.76842,3/22/2021
ABC,110,193.2762253,3/23/2021
ABC,110,202.5003151,3/24/2021
ABC,111,291.8618837,3/25/2021
ABC,111,224.1849442,3/26/2021
ABC,112,149.1222532,3/27/2021
ABC,112,147.4328483,3/28/2021
ABC,112,125.7567096,3/29/2021
ABC,112,245.0578176,3/30/2021
ABC,112,281.6076893,3/31/2021
ABC,113,170.7332863,4/1/2021
ABC,114,222.7970787,4/2/2021
ABC,114,267.6694618,4/3/2021
ABC,114,101.7175419,4/4/2021
ABC,115,256.6114307,4/5/2021
ABC,115,119.2863892,4/6/2021
ABC,115,100.3605497,4/7/2021
ABC,115,169.0505383,4/8/2021
ABC,115,260.1304911,4/9/2021
ABC,116,115.17906,4/10/2021
ABC,116,242.2626607,4/11/2021
ABC,116,296.3246923,4/12/2021
ABC,117,118.0949404,4/13/2021
ABC,117,242.3459954,4/14/2021
ABC,117,265.0788879,4/15/2021
ABC,117,127.385531,4/16/2021
ABC,118,148.7109469,4/17/2021
ABC,118,172.4488939,4/18/2021
ABC,118,167.9874683,4/19/2021
ABC,119,291.6644131,4/20/2021
ABC,119,200.5171202,4/21/2021
ABC,119,151.0847888,4/22/2021
ABC,119,165.3798551,4/23/2021
ABC,119,126.7243846,4/24/2021
ABC,119,227.585924,4/25/2021
ABC,120,198.9016088,4/26/2021
ABC,120,141.4654737,4/27/2021
ABC,120,186.0363953,4/28/2021
ABC,120,117.5521675,4/29/2021
ABC,120,118.6000778,4/30/2021
ABC,121,218.913832,5/1/2021
ABC,121,269.4338268,5/2/2021
ABC,121,185.1870349,5/3/2021
ABC,121,268.6622696,5/4/2021
ABC,122,231.4442699,5/5/2021
ABC,122,171.1591562,5/6/2021
ABC,122,274.7905836,5/7/2021
ABC,122,251.0477761,5/8/2021
ABC,122,272.4022433,5/9/2021
ABC,122,224.5758763,5/10/2021
ABC,123,282.8347042,5/11/2021
ABC,123,171.421712,5/12/2021
ABC,123,212.4114415,5/13/2021
ABC,123,114.050703,5/14/2021
ABC,123,265.7374721,5/15/2021
ABC,123,128.2065254,5/16/2021
ABC,124,206.1064354,5/17/2021
ABC,124,105.0778428,5/18/2021
ABC,124,164.1947602,5/19/2021
ABC,124,125.2594084,5/20/2021
ABC,125,147.1615335,5/21/2021
ABC,125,280.6945259,5/22/2021
ABC,125,215.7885939,5/23/2021
ABC,125,135.8629599,5/24/2021
ABC,125,159.6812926,5/25/2021
ABC,126,152.3122698,5/26/2021
ABC,126,238.2145104,5/27/2021
ABC,126,165.3645729,5/28/2021
ABC,126,297.1749511,5/29/2021
ABC,126,121.5513511,5/30/2021
ABC,126,291.5082665,5/31/2021
ABC,127,130.6116302,6/1/2021
ABC,127,141.2902986,6/2/2021
ABC,128,138.2601847,6/3/2021
ABC,128,264.8371245,6/4/2021
ABC,128,251.5080619,6/5/2021
ABC,129,101.6774225,6/6/2021
ABC,129,127.5576945,6/7/2021
ABC,129,184.2801778,6/8/2021
ABC,130,251.4744633,6/9/2021
ABC,130,196.6187121,6/10/2021
ABC,130,272.1513581,6/11/2021
ABC,130,212.133563,6/12/2021
ABC,131,196.2555743,6/13/2021
ABC,131,265.7011206,6/14/2021
ABC,131,198.0898554,6/15/2021
ABC,131,235.4137047,6/16/2021
ABC,131,205.9084694,6/17/2021
ABC,131,290.1781955,6/18/2021
ABC,131,117.7551886,6/19/2021
ABC,131,281.5909971,6/20/2021
ABC,132,198.6738805,6/21/2021
ABC,132,131.7695736,6/22/2021
ABC,132,289.9218206,6/23/2021
ABC,132,271.2797313,6/24/2021
ABC,132,256.0191874,6/25/2021
ABC,133,242.8878448,6/26/2021
ABC,133,168.5993192,6/27/2021
ABC,134,111.1599264,6/28/2021
ABC,134,168.4981729,6/29/2021
ABC,135,142.6234964,6/30/2021
ABC,135,294.2330311,7/1/2021
ABC,135,170.0011713,7/2/2021
ABC,135,135.1443945,7/3/2021
ABC,135,236.13238,7/4/2021
ABC,135,182.4498259,7/5/2021
ABC,135,281.6094959,7/6/2021
ABC,135,276.6927095,7/7/2021
ABC,136,219.9802627,7/8/2021
ABC,136,113.5459363,7/9/2021
ABC,136,282.8438864,7/10/2021
ABC,137,160.2728104,7/11/2021
ABC,137,107.1922422,7/12/2021
ABC,137,219.9578711,7/13/2021
ABC,138,216.8279638,7/14/2021
ABC,138,187.4448684,7/15/2021
ABC,138,205.5712776,7/16/2021
ABC,138,199.0585332,7/17/2021
ABC,138,170.6023489,7/18/2021
ABC,138,127.2067846,7/19/2021
ABC,139,153.3585362,7/20/2021
ABC,139,167.3921616,7/21/2021
ABC,139,213.4203861,7/22/2021
ABC,140,280.9555831,7/23/2021
ABC,141,223.7043876,7/24/2021
ABC,141,154.1468111,7/25/2021
ABC,141,273.9920793,7/26/2021
ABC,142,151.7466022,7/27/2021
ABC,142,110.0076342,7/28/2021
ABC,142,202.9426033,7/29/2021
ABC,142,116.0747263,7/30/2021
ABC,142,173.3406962,7/31/2021
ABC,143,154.476516,8/1/2021
ABC,143,257.089112,8/2/2021
ABC,144,194.8917504,8/3/2021
ABC,144,217.5364298,8/4/2021
ABC,144,178.4964028,8/5/2021
ABC,144,148.5935303,8/6/2021
ABC,145,145.8636435,8/7/2021
ABC,145,138.4788998,8/8/2021
ABC,145,283.6332543,8/9/2021
ABC,146,248.909469,8/10/2021
ABC,146,134.2748208,8/11/2021
ABC,146,296.9124758,8/12/2021
ABC,146,259.7086454,8/13/2021
ABC,146,115.5211642,8/14/2021
ABC,146,282.3196844,8/15/2021
ABC,147,213.3177456,8/16/2021
ABC,147,179.1302104,8/17/2021
ABC,147,117.0342487,8/18/2021
ABC,147,157.8634114,8/19/2021
ABC,147,122.1358633,8/20/2021
ABC,147,199.5494662,8/21/2021
ABC,147,111.5751762,8/22/2021
ABC,148,108.0288954,8/23/2021
ABC,148,151.4861334,8/24/2021
ABC,149,255.8238031,8/25/2021
ABC,149,193.1990765,8/26/2021
ABC,150,159.6233486,8/27/2021
ABC,150,165.8595227,8/28/2021
ABC,150,133.6366383,8/29/2021
ABC,150,219.0158684,8/30/2021
ABC,150,248.2588943,8/31/2021
ABC,150,147.1675866,9/1/2021
ABC,150,229.9316387,9/2/2021
ABC,150,270.7008343,9/3/2021
ABC,151,227.1437642,9/4/2021
ABC,151,122.1463623,9/5/2021
ABC,151,127.9086969,9/6/2021
ABC,152,219.0499669,9/7/2021
ABC,152,190.0990074,9/8/2021
ABC,152,197.1373007,9/9/2021
ABC,152,257.2817581,9/10/2021
ABC,152,169.9973946,9/11/2021
ABC,153,249.1937929,9/12/2021
ABC,153,246.1076618,9/13/2021
ABC,153,194.4289939,9/14/2021
ABC,154,281.3524462,9/15/2021
ABC,155,205.5706031,9/16/2021
ABC,155,290.3549795,9/17/2021
ABC,155,109.6512786,9/18/2021
ABC,155,140.8697268,9/19/2021
ABC,155,253.2967705,9/20/2021
ABC,155,229.6619129,9/21/2021
ABC,155,112.5538164,9/22/2021
ABC,156,135.0474756,9/23/2021
ABC,156,209.4829867,9/24/2021
ABC,156,287.4390024,9/25/2021
ABC,156,250.4464334,9/26/2021
ABC,156,100.997629,9/27/2021
ABC,157,204.2875789,9/28/2021
ABC,157,123.6469518,9/29/2021
ABC,157,225.5724287,9/30/2021
ABC,157,227.744492,10/1/2021
ABC,158,193.7525863,10/2/2021
ABC,158,241.7994961,10/3/2021
ABC,158,168.7666194,10/4/2021
ABC,158,250.8217016,10/5/2021
ABC,158,112.0181012,10/6/2021
ABC,159,228.077107,10/7/2021
ABC,159,248.6842602,10/8/2021
ABC,159,270.0363991,10/9/2021
ABC,159,154.3956138,10/10/2021
ABC,161,187.5937137,10/11/2021
ABC,161,145.0429641,10/12/2021
ABC,161,110.4475836,10/13/2021
ABC,161,157.0983925,10/14/2021
ABC,162,149.7713871,10/15/2021
ABC,162,221.3090878,10/16/2021
ABC,163,227.2125608,10/17/2021
ABC,163,142.6534117,10/18/2021
ABC,163,156.2374961,10/19/2021
ABC,163,191.9425463,10/20/2021
ABC,163,168.9939826,10/21/2021
ABC,163,276.9513343,10/22/2021
ABC,164,238.1984737,10/23/2021
ABC,164,121.1134667,10/24/2021
ABC,164,138.8160334,10/25/2021
ABC,164,235.3713624,10/26/2021
ABC,165,249.1230719,10/27/2021
ABC,166,235.2945081,10/28/2021
ABC,166,184.1610784,10/29/2021
ABC,166,155.9350017,10/30/2021
ABC,166,217.8676056,10/31/2021
ABC,167,169.9559345,11/1/2021
ABC,167,292.8937895,11/2/2021
ABC,168,201.1461882,11/3/2021
ABC,168,123.1917239,11/4/2021
ABC,168,284.7139695,11/5/2021
ABC,168,255.0809241,11/6/2021
ABC,169,112.2269949,11/7/2021
ABC,169,103.8722804,11/8/2021
ABC,170,219.9450938,11/9/2021
ABC,170,180.9330723,11/10/2021
ABC,170,232.037012,11/11/2021
ABC,171,218.3501914,11/12/2021
ABC,171,108.1822619,11/13/2021
ABC,171,126.8077806,11/14/2021
ABC,172,171.4251628,11/15/2021
ABC,173,172.8765793,11/16/2021
ABC,173,142.9984826,11/17/2021
ABC,174,219.5852,11/18/2021
ABC,174,291.6994986,11/19/2021
ABC,174,181.6607807,11/20/2021
ABC,174,116.0875557,11/21/2021
ABC,174,141.096708,11/22/2021
ABC,174,200.2648298,11/23/2021
ABC,175,262.6149641,11/24/2021
ABC,175,162.4563981,11/25/2021
ABC,175,225.8348664,11/26/2021
ABC,175,276.4671969,11/27/2021
ABC,175,271.8281259,11/28/2021
ABC,176,135.6289687,11/29/2021
ABC,176,211.1654411,11/30/2021
ABC,176,277.6839881,12/1/2021
ABC,176,226.8817468,12/2/2021
ABC,176,127.6792789,12/3/2021
ABC,176,222.7323371,12/4/2021
ABC,177,247.7807866,12/5/2021
ABC,177,238.494814,12/6/2021
ABC,177,184.0122358,12/7/2021
ABC,177,189.2545881,12/8/2021
ABC,177,258.133934,12/9/2021
ABC,178,204.8525141,12/10/2021
ABC,178,219.1765533,12/11/2021
ABC,179,126.1363469,12/12/2021
ABC,179,147.5094213,12/13/2021
ABC,179,233.1940315,12/14/2021
ABC,181,199.412281,12/15/2021
ABC,181,202.8055754,12/16/2021
ABC,182,118.5838055,12/17/2021
ABC,182,138.1498775,12/18/2021
ABC,182,139.4418971,12/19/2021
ABC,182,255.103581,12/20/2021
ABC,182,240.9851888,12/21/2021
ABC,183,220.1893662,12/22/2021
ABC,183,276.9244319,12/23/2021
ABC,183,226.0106286,12/24/2021
ABC,183,235.3143102,12/25/2021
ABC,183,145.6068689,12/26/2021
ABC,183,122.2124066,12/27/2021
ABC,183,211.7777963,12/28/2021
ABC,184,294.7097792,12/29/2021
ABC,184,242.8586696,12/30/2021
ABC,185,185.2151605,12/31/2021
ABC,185,231.019132,1/1/2022
ABC,185,201.6209176,1/2/2022
ABC,185,175.2199129,1/3/2022
ABC,185,114.3218475,1/4/2022
ABC,185,284.4330158,1/5/2022
ABC,186,280.2493444,1/6/2022
ABC,186,131.4113381,1/7/2022
ABC,186,227.2629681,1/8/2022
ABC,187,158.825247,1/9/2022
ABC,187,166.4933814,1/10/2022
ABC,187,124.8291518,1/11/2022
ABC,188,195.5967015,1/12/2022
ABC,188,104.6955814,1/13/2022
ABC,188,254.2423316,1/14/2022
ABC,188,243.5530866,1/15/2022
ABC,188,202.9436643,1/16/2022
ABC,188,295.9306137,1/17/2022
ABC,189,128.7212747,1/18/2022
ABC,189,205.8644571,1/19/2022
ABC,189,200.6745028,1/20/2022
ABC,189,160.572599,1/21/2022
ABC,190,163.3509282,1/22/2022
ABC,190,245.7389257,1/23/2022
ABC,190,109.724848,1/24/2022
ABC,190,176.2767762,1/25/2022
ABC,190,186.3669903,1/26/2022
ABC,190,269.0663593,1/27/2022
ABC,191,256.9940463,1/28/2022
ABC,191,228.3321284,1/29/2022
ABC,192,122.2003423,1/30/2022
ABC,192,106.0335796,1/31/2022
ABC,192,278.886855,2/1/2022
ABC,192,168.3942566,2/2/2022
ABC,192,200.3892359,2/3/2022
ABC,192,101.0087585,2/4/2022
ABC,192,278.9385505,2/5/2022
ABC,193,298.9592482,2/6/2022
ABC,193,139.2332885,2/7/2022
ABC,193,234.0405293,2/8/2022
ABC,193,278.4037839,2/9/2022
ABC,193,150.2205919,2/10/2022
ABC,193,163.4148215,2/11/2022
ABC,194,112.5329288,2/12/2022
ABC,194,142.3391323,2/13/2022
ABC,195,167.2845537,2/14/2022
ABC,195,204.2050848,2/15/2022
ABC,196,217.4864067,2/16/2022
ABC,196,130.273839,2/17/2022
ABC,196,152.4998583,2/18/2022
ABC,196,148.6614725,2/19/2022
ABC,196,258.8488926,2/20/2022
ABC,197,238.7362019,2/21/2022
ABC,197,143.3724062,2/22/2022
ABC,197,147.3828894,2/23/2022
ABC,198,243.2358456,2/24/2022
ABC,198,177.5598513,2/25/2022
ABC,199,133.4847642,2/26/2022
ABC,199,198.1213533,2/27/2022
ABC,199,287.6873522,2/28/2022
ABC,200,169.2248911,3/1/2022
ABC,200,246.8483158,3/2/2022
ABC,200,177.3654619,3/3/2022
ABC,200,291.8772481,3/4/2022
ABC,200,176.8341788,3/5/2022
ABC,201,140.7364436,3/6/2022
ABC,201,244.5222301,3/7/2022
ABC,201,204.1004036,3/8/2022
ABC,201,175.5655585,3/9/2022
ABC,202,154.3354535,3/10/2022
ABC,202,220.6367863,3/11/2022
ABC,202,294.557595,3/12/2022
ABC,202,232.2592567,3/13/2022
ABC,202,196.6588189,3/14/2022
ABC,202,248.9011051,3/15/2022
ABC,203,210.7516302,3/16/2022
ABC,203,197.5620545,3/17/2022
ABC,203,203.8232556,3/18/2022
ABC,203,148.3850497,3/19/2022
ABC,204,159.8968375,3/20/2022
ABC,204,227.8257967,3/21/2022
ABC,204,143.1007916,3/22/2022
ABC,204,150.0486021,3/23/2022
ABC,204,262.3374201,3/24/2022
ABC,204,271.0473965,3/25/2022
ABC,204,112.2215754,3/26/2022
ABC,204,298.1141858,3/27/2022
ABC,204,224.2728636,3/28/2022
ABC,205,160.1247386,3/29/2022
ABC,205,243.6449083,3/30/2022
ABC,206,252.5715168,3/31/2022
ABC,206,295.3690305,4/1/2022
ABC,206,241.8428872,4/2/2022
ABC,206,221.9987158,4/3/2022
ABC,207,264.2798862,4/4/2022
ABC,207,235.1902926,4/5/2022
ABC,208,101.2876319,4/6/2022
ABC,208,158.7876715,4/7/2022
ABC,208,239.184703,4/8/2022
ABC,208,175.1133996,4/9/2022
ABC,209,256.112743,4/10/2022
ABC,209,179.6736248,4/11/2022
ABC,209,224.0123148,4/12/2022
ABC,209,131.0276424,4/13/2022
ABC,210,266.4636282,4/14/2022
ABC,210,132.8871124,4/15/2022
ABC,210,234.4055209,4/16/2022
ABC,210,129.2267865,4/17/2022
ABC,211,288.9540568,4/18/2022
ABC,211,155.7449193,4/19/2022
ABC,211,247.4495419,4/20/2022
ABC,211,147.1122901,4/21/2022
ABC,212,190.5121625,4/22/2022
ABC,212,254.0105294,4/23/2022
ABC,213,132.1165142,4/24/2022
ABC,213,106.8005393,4/25/2022
ABC,213,274.5362781,4/26/2022
ABC,214,221.1698132,4/27/2022
ABC,214,279.3829125,4/28/2022
ABC,214,153.9058067,4/29/2022
ABC,214,229.0848298,4/30/2022
ABC,214,176.7961668,5/1/2022
ABC,215,289.1724273,5/2/2022
ABC,215,176.4787285,5/3/2022
ABC,215,196.4355761,5/4/2022
ABC,215,168.9876416,5/5/2022
ABC,215,134.875272,5/6/2022
ABC,215,258.4449723,5/7/2022
ABC,215,100.057848,5/8/2022
ABC,215,281.5842229,5/9/2022
ABC,215,114.4755487,5/10/2022
ABC,215,202.8327928,5/11/2022
ABC,216,198.63549,5/12/2022
ABC,216,114.2269044,5/13/2022
ABC,217,191.7362898,5/14/2022
ABC,217,232.4555538,5/15/2022
ABC,217,193.7146061,5/16/2022
ABC,217,193.0001329,5/17/2022
ABC,217,172.8957514,5/18/2022
ABC,217,273.3070322,5/19/2022
ABC,218,211.5784048,5/20/2022
ABC,218,261.1288743,5/21/2022
ABC,218,123.7354759,5/22/2022
ABC,218,144.8692575,5/23/2022
ABC,219,138.630304,5/24/2022
ABC,219,170.3742442,5/25/2022
ABC,219,123.762598,5/26/2022
ABC,219,113.9833552,5/27/2022
ABC,219,139.8798153,5/28/2022
ABC,220,221.5759108,5/29/2022
ABC,220,256.6994783,5/30/2022
ABC,220,268.4302769,5/31/2022
ABC,221,204.2386779,6/1/2022
ABC,221,178.4868592,6/2/2022
ABC,221,165.9085033,6/3/2022
ABC,221,209.8921808,6/4/2022
ABC,221,240.87276,6/5/2022
ABC,222,200.5419888,6/6/2022
ABC,222,277.3136006,6/7/2022
ABC,222,116.1527578,6/8/2022
ABC,222,240.7592793,6/9/2022
ABC,223,265.1869221,6/10/2022
ABC,223,238.583216,6/11/2022
ABC,223,174.9743242,6/12/2022
ABC,223,104.467446,6/13/2022
ABC,223,132.7985675,6/14/2022
ABC,224,246.2068254,6/15/2022
ABC,224,104.0888057,6/16/2022
ABC,224,272.3812579,6/17/2022
ABC,224,127.6643202,6/18/2022
ABC,224,123.6278673,6/19/2022
ABC,225,261.9035712,6/20/2022
ABC,226,296.3655619,6/21/2022
ABC,226,126.8008537,6/22/2022
ABC,226,177.5441579,6/23/2022
ABC,226,212.6293312,6/24/2022
ABC,226,214.1240051,6/25/2022
ABC,227,256.7814443,6/26/2022
ABC,227,170.865469,6/27/2022
ABC,227,125.4902627,6/28/2022
ABC,228,132.3156185,6/29/2022
ABC,228,110.5869142,6/30/2022
ABC,228,282.3117358,7/1/2022
ABC,229,194.3481854,7/2/2022
ABC,229,119.0960943,7/3/2022
ABC,229,142.484444,7/4/2022
ABC,229,245.7340146,7/5/2022
ABC,229,187.2433807,7/6/2022
ABC,229,276.4426249,7/7/2022
ABC,229,273.432081,7/8/2022
ABC,229,201.9675639,7/9/2022
ABC,230,293.4223531,7/10/2022
ABC,230,150.0655761,7/11/2022
ABC,230,147.7827956,7/12/2022
ABC,231,103.5810868,7/13/2022
ABC,231,140.9969865,7/14/2022
ABC,231,174.3898715,7/15/2022
ABC,231,140.4728475,7/16/2022
ABC,231,290.4024619,7/17/2022
ABC,232,290.0378224,7/18/2022
ABC,232,288.0651631,7/19/2022
ABC,232,219.8506025,7/20/2022
ABC,232,119.8287653,7/21/2022
ABC,232,183.7396183,7/22/2022
ABC,232,273.7833694,7/23/2022
ABC,232,123.5088082,7/24/2022
ABC,233,152.9132078,7/25/2022
ABC,233,244.3087904,7/26/2022
ABC,233,213.4208684,7/27/2022
ABC,233,124.1707873,7/28/2022
ABC,234,163.0025433,7/29/2022
ABC,234,297.4085752,7/30/2022
ABC,234,240.4251844,7/31/2022
ABC,234,293.4425151,8/1/2022
ABC,235,189.6383723,8/2/2022
ABC,236,233.5186596,8/3/2022
ABC,236,247.5450989,8/4/2022
ABC,237,224.1668965,8/5/2022
ABC,237,109.5897611,8/6/2022
ABC,237,268.3826831,8/7/2022
ABC,237,286.9279029,8/8/2022
ABC,238,129.5871984,8/9/2022
ABC,238,273.0937323,8/10/2022
ABC,238,125.7046308,8/11/2022
ABC,239,284.4361121,8/12/2022
ABC,239,298.3582556,8/13/2022
ABC,239,118.8522636,8/14/2022
ABC,239,146.2457921,8/15/2022
ABC,239,189.6406863,8/16/2022
ABC,239,215.2118859,8/17/2022
ABC,239,252.1861434,8/18/2022
ABC,239,255.8455999,8/19/2022
ABC,239,142.0719136,8/20/2022
ABC,239,131.4666495,8/21/2022
ABC,240,134.6399112,8/22/2022
ABC,240,121.5941534,8/23/2022
ABC,240,129.0642256,8/24/2022
ABC,240,181.4511859,8/25/2022
ABC,241,107.0875714,8/26/2022
ABC,241,271.7331763,8/27/2022
ABC,241,248.5363241,8/28/2022
ABC,242,248.7152723,8/29/2022
ABC,243,211.5237466,8/30/2022
ABC,244,280.0628198,8/31/2022
ABC,244,186.0377644,9/1/2022
ABC,245,216.2436122,9/2/2022
ABC,245,287.7722529,9/3/2022
ABC,246,227.2195629,9/4/2022
ABC,246,196.1571295,9/5/2022
ABC,246,216.0013329,9/6/2022
ABC,246,174.6246317,9/7/2022
ABC,247,252.1191788,9/8/2022
ABC,247,224.3603493,9/9/2022
ABC,247,138.1101389,9/10/2022
ABC,248,157.3402842,9/11/2022
ABC,248,145.1263218,9/12/2022
ABC,249,268.1223834,9/13/2022
ABC,249,273.3711877,9/14/2022
ABC,249,136.2783793,9/15/2022
ABC,249,252.6941532,9/16/2022
ABC,249,192.916317,9/17/2022
ABC,249,276.1813579,9/18/2022
ABC,250,104.9575696,9/19/2022
ABC,250,125.0438828,9/20/2022
ABC,250,159.0924198,9/21/2022
ABC,251,296.586547,9/22/2022
ABC,251,298.6641696,9/23/2022
ABC,252,163.3123614,9/24/2022
ABC,252,268.6109919,9/25/2022
ABC,252,201.0377069,9/26/2022
ABC,252,216.9802514,9/27/2022
ABC,252,233.154624,9/28/2022
ABC,253,275.3939418,9/29/2022
ABC,253,276.2644795,9/30/2022
ABC,253,121.3372793,10/1/2022
ABC,253,235.5146792,10/2/2022
ABC,253,293.774683,10/3/2022
ABC,254,236.431388,10/4/2022
ABC,254,177.1242828,10/5/2022
ABC,255,108.7082713,10/6/2022
ABC,255,153.1915579,10/7/2022
ABC,255,232.6321075,10/8/2022
ABC,255,153.8895574,10/9/2022
ABC,256,135.3711417,10/10/2022
ABC,256,198.2674181,10/11/2022
ABC,256,139.3372461,10/12/2022
ABC,257,140.3198239,10/13/2022
ABC,258,102.5787095,10/14/2022
ABC,258,154.3132435,10/15/2022
ABC,258,194.2417326,10/16/2022
ABC,258,251.7207116,10/17/2022
ABC,258,272.3813403,10/18/2022
ABC,258,162.9568555,10/19/2022
ABC,259,245.3085527,10/20/2022
ABC,259,230.0382477,10/21/2022
ABC,260,122.16342,10/22/2022
ABC,260,267.7660173,10/23/2022
ABC,260,266.9679583,10/24/2022
ABC,261,100.4954736,10/25/2022
ABC,262,120.8868158,10/26/2022
ABC,262,190.4300048,10/27/2022
ABC,262,112.9464609,10/28/2022
ABC,263,182.2355176,10/29/2022
ABC,263,103.9285539,10/30/2022
ABC,263,284.944174,10/31/2022
ABC,265,277.0095296,11/1/2022
ABC,265,221.6334409,11/2/2022
ABC,265,125.9877116,11/3/2022
ABC,266,185.9454279,11/4/2022
ABC,266,241.1068769,11/5/2022
ABC,267,278.1718133,11/6/2022
ABC,268,209.0340338,11/7/2022
ABC,268,266.0358312,11/8/2022
ABC,268,131.2980407,11/9/2022
ABC,268,158.7948084,11/10/2022
ABC,268,263.9626205,11/11/2022
ABC,268,292.891564,11/12/2022
ABC,269,215.8679601,11/13/2022
ABC,269,278.6035782,11/14/2022
ABC,269,118.357201,11/15/2022
ABC,269,272.8672108,11/16/2022
ABC,270,292.8856316,11/17/2022
ABC,270,217.5181698,11/18/2022
ABC,270,160.769187,11/19/2022
ABC,271,273.9731774,11/20/2022
ABC,271,128.2590665,11/21/2022
ABC,271,220.5969435,11/22/2022
ABC,271,144.0975196,11/23/2022
ABC,272,120.9644321,11/24/2022
ABC,272,135.524893,11/25/2022
ABC,272,156.4152422,11/26/2022
ABC,272,250.7917128,11/27/2022
ABC,272,101.6974069,11/28/2022
ABC,272,104.4756848,11/29/2022
ABC,273,155.6787132,11/30/2022
ABC,273,221.0653008,12/1/2022
ABC,273,155.817547,12/2/2022
ABC,273,200.4582784,12/3/2022
ABC,273,226.8948931,12/4/2022
ABC,273,270.3321523,12/5/2022
ABC,274,242.0532583,12/6/2022
ABC,274,128.3485301,12/7/2022
ABC,274,227.6009646,12/8/2022
ABC,274,140.9898927,12/9/2022
ABC,274,145.4476622,12/10/2022
ABC,274,296.6722679,12/11/2022
ABC,275,265.1446664,12/12/2022
ABC,275,132.4913346,12/13/2022
ABC,276,202.024597,12/14/2022
ABC,276,168.5611566,12/15/2022
ABC,277,242.101091,12/16/2022
ABC,277,217.2333186,12/17/2022
ABC,277,200.9690837,12/18/2022
ABC,278,271.1191195,12/19/2022
ABC,278,215.6967362,12/20/2022
ABC,278,123.97074,12/21/2022
ABC,278,245.7132794,12/22/2022
ABC,279,237.1867333,12/23/2022
ABC,279,263.9146945,12/24/2022
ABC,280,183.8814996,12/25/2022
ABC,280,188.2262576,12/26/2022
ABC,280,259.1730437,12/27/2022
ABC,280,131.6079808,12/28/2022
ABC,280,211.2504638,12/29/2022
ABC,282,216.4025312,12/30/2022
ABC,282,112.4893734,12/31/2022
ABC,282,242.1123646,1/1/2023
ABC,282,177.0880608,1/2/2023
ABC,283,294.5413723,1/3/2023
ABC,283,103.4888727,1/4/2023
ABC,283,185.0801974,1/5/2023
ABC,283,189.0396932,1/6/2023
ABC,283,153.4687631,1/7/2023
ABC,284,122.1453647,1/8/2023
ABC,284,296.3009716,1/9/2023
ABC,284,215.2082409,1/10/2023
ABC,284,149.3416667,1/11/2023
ABC,285,164.2072114,1/12/2023
ABC,285,195.5245912,1/13/2023
ABC,285,153.7411549,1/14/2023
ABC,285,107.6570318,1/15/2023
ABC,286,154.4020617,1/16/2023
ABC,286,236.1808275,1/17/2023
ABC,286,129.5324531,1/18/2023
ABC,286,108.1402817,1/19/2023
ABC,286,185.1707043,1/20/2023
ABC,287,117.9761512,1/21/2023
ABC,287,289.4782009,1/22/2023
ABC,287,296.2163358,1/23/2023
ABC,288,159.2249301,1/24/2023
ABC,288,197.0505321,1/25/2023
ABC,288,151.808207,1/26/2023
ABC,288,207.1162651,1/27/2023
ABC,289,202.427608,1/28/2023
ABC,289,127.0864392,1/29/2023
ABC,289,130.1405296,1/30/2023
ABC,289,178.1455062,1/31/2023
ABC,289,187.8399697,2/1/2023
ABC,290,153.9823466,2/2/2023
ABC,290,145.7423512,2/3/2023
ABC,290,138.4337858,2/4/2023
ABC,290,133.363389,2/5/2023
ABC,290,243.1474542,2/6/2023
ABC,291,203.7649426,2/7/2023
ABC,291,217.0747164,2/8/2023
ABC,291,121.1097195,2/9/2023
ABC,291,221.457504,2/10/2023
ABC,291,193.6467122,2/11/2023
ABC,291,278.206203,2/12/2023
ABC,292,247.172279,2/13/2023
ABC,292,148.912663,2/14/2023
ABC,292,161.4490994,2/15/2023
ABC,292,117.2708251,2/16/2023
ABC,293,131.653626,2/17/2023
ABC,293,160.3764935,2/18/2023
ABC,294,226.8136679,2/19/2023
ABC,294,230.3418826,2/20/2023
ABC,294,151.1373279,2/21/2023
ABC,294,160.0777394,2/22/2023
ABC,294,131.9151453,2/23/2023
ABC,295,243.1173829,2/24/2023
ABC,295,288.5312299,2/25/2023
ABC,295,110.9290113,2/26/2023
ABC,295,181.0833346,2/27/2023
ABC,295,272.5856532,2/28/2023
ABC,296,266.7291517,3/1/2023
ABC,296,155.4355981,3/2/2023
ABC,296,167.5796333,3/3/2023
ABC,296,101.6449325,3/4/2023
ABC,296,256.3117843,3/5/2023
ABC,296,238.9011667,3/6/2023
ABC,297,282.4265702,3/7/2023
ABC,297,235.8467166,3/8/2023
ABC,297,223.5390292,3/9/2023
ABC,297,126.5746616,3/10/2023
ABC,297,209.3865835,3/11/2023
ABC,298,198.2116502,3/12/2023
ABC,298,192.5891702,3/13/2023
ABC,298,183.6140197,3/14/2023
ABC,299,297.6278784,3/15/2023
ABC,299,122.1200656,3/16/2023
ABC,299,296.4315471,3/17/2023
ABC,300,173.7953979,3/18/2023
ABC,300,275.4612231,3/19/2023
ABC,300,172.7184841,3/20/2023
ABC,301,176.2961708,3/21/2023
ABC,301,221.1168832,3/22/2023
ABC,301,255.8349939,3/23/2023
ABC,301,239.0418591,3/24/2023
ABC,301,205.0974368,3/25/2023
ABC,302,201.0148143,3/26/2023
ABC,302,257.5767144,3/27/2023
ABC,302,270.1329984,3/28/2023
ABC,303,245.7145591,3/29/2023
ABC,303,179.4753402,3/30/2023
ABC,303,135.5934257,3/31/2023
ABC,303,177.6808285,4/1/2023
ABC,304,222.1462496,4/2/2023
ABC,304,284.1587865,4/3/2023
ABC,304,107.1371813,4/4/2023
ABC,304,157.2750777,4/5/2023
ABC,305,224.3873818,4/6/2023
ABC,305,137.4880384,4/7/2023
ABC,305,188.141199,4/8/2023
ABC,305,164.9231735,4/9/2023
ABC,305,136.390812,4/10/2023
ABC,305,148.4006731,4/11/2023
ABC,306,179.1705781,4/12/2023
ABC,306,296.543318,4/13/2023
ABC,306,183.3296938,4/14/2023
ABC,306,250.5546005,4/15/2023
ABC,307,203.1009441,4/16/2023
ABC,307,264.5759701,4/17/2023
ABC,307,143.083286,4/18/2023
ABC,308,291.7641579,4/19/2023
ABC,309,291.2072752,4/20/2023
ABC,309,285.2160982,4/21/2023
ABC,309,208.8788889,4/22/2023
ABC,309,257.4801307,4/23/2023
ABC,309,146.2751542,4/24/2023
ABC,310,273.161201,4/25/2023
ABC,310,209.0414904,4/26/2023
ABC,310,108.8499029,4/27/2023
ABC,310,181.2330861,4/28/2023
ABC,310,255.542715,4/29/2023
ABC,310,232.5819274,4/30/2023
ABC,310,122.0966088,5/1/2023
ABC,311,297.9816605,5/2/2023
ABC,311,102.56002,5/3/2023
ABC,311,273.376194,5/4/2023
ABC,312,237.1042274,5/5/2023
ABC,312,223.8810428,5/6/2023
ABC,313,241.7816493,5/7/2023
ABC,313,271.4110749,5/8/2023
ABC,313,163.7193043,5/9/2023
ABC,314,241.4677868,5/10/2023
ABC,314,255.4857136,5/11/2023
ABC,315,187.1482288,5/12/2023
ABC,315,252.5647635,5/13/2023
ABC,315,150.2767846,5/14/2023
ABC,316,126.4495849,5/15/2023
ABC,316,293.1669743,5/16/2023
ABC,317,208.439966,5/17/2023
ABC,317,215.4516736,5/18/2023
ABC,317,123.3732172,5/19/2023
ABC,317,232.3942514,5/20/2023
ABC,317,273.9732005,5/21/2023
ABC,317,251.6728649,5/22/2023
ABC,318,135.2861003,5/23/2023
ABC,318,254.7165998,5/24/2023
ABC,318,192.7095747,5/25/2023
ABC,318,225.6621374,5/26/2023
ABC,319,193.0213747,5/27/2023
ABC,320,262.7432558,5/28/2023
ABC,321,100.0810573,5/29/2023
ABC,321,245.3360111,5/30/2023
ABC,321,138.0212455,5/31/2023
ABC,321,124.8166227,6/1/2023
ABC,321,168.9010193,6/2/2023
ABC,321,153.4982335,6/3/2023
ABC,322,226.0321068,6/4/2023
ABC,322,258.617093,6/5/2023
ABC,322,243.7320401,6/6/2023
ABC,322,245.4473454,6/7/2023
ABC,322,174.7671929,6/8/2023
ABC,322,275.6049701,6/9/2023
ABC,323,237.9877872,6/10/2023
ABC,323,193.70051,6/11/2023
ABC,323,131.1460547,6/12/2023
ABC,323,280.8204149,6/13/2023
ABC,324,181.0696232,6/14/2023
ABC,324,241.4687108,6/15/2023
ABC,324,250.4103716,6/16/2023
ABC,324,219.083916,6/17/2023
ABC,324,128.7910875,6/18/2023
ABC,325,269.373958,6/19/2023
ABC,325,163.861371,6/20/2023
ABC,325,122.3609416,6/21/2023
ABC,325,112.3159587,6/22/2023
ABC,326,128.3702382,6/23/2023
ABC,326,292.8524893,6/24/2023
ABC,326,157.0385715,6/25/2023
ABC,326,158.0881493,6/26/2023
ABC,327,101.3358584,6/27/2023
ABC,327,251.1170986,6/28/2023
ABC,327,162.5678382,6/29/2023
ABC,328,178.6304321,6/30/2023
ABC,329,185.6802297,7/1/2023
ABC,329,194.4570782,7/2/2023
ABC,329,155.2254755,7/3/2023
ABC,330,279.5519833,7/4/2023
ABC,330,209.2731831,7/5/2023
ABC,331,273.0061376,7/6/2023
ABC,332,280.7309229,7/7/2023
ABC,332,195.1377921,7/8/2023
ABC,332,114.4995007,7/9/2023
ABC,333,120.2394035,7/10/2023
ABC,333,157.268959,7/11/2023
ABC,334,255.6550699,7/12/2023
ABC,334,146.1035639,7/13/2023
ABC,334,222.4488951,7/14/2023
ABC,335,115.2442214,7/15/2023
ABC,335,169.303039,7/16/2023
ABC,335,212.5830067,7/17/2023
ABC,335,298.7044154,7/18/2023
ABC,336,264.4602649,7/19/2023
ABC,336,212.9849041,7/20/2023
ABC,336,224.3823154,7/21/2023
ABC,336,150.9927954,7/22/2023
ABC,337,266.0651114,7/23/2023
ABC,337,208.7067782,7/24/2023
ABC,338,246.7027961,7/25/2023
ABC,338,142.3430605,7/26/2023
ABC,338,120.2212746,7/27/2023
ABC,338,285.607373,7/28/2023
ABC,339,148.5598525,7/29/2023
ABC,339,101.5544864,7/30/2023
ABC,339,224.1821906,7/31/2023
ABC,339,191.9218428,8/1/2023
ABC,339,253.7228688,8/2/2023
ABC,339,134.3974265,8/3/2023
ABC,339,120.7946762,8/4/2023
ABC,340,210.3474299,8/5/2023
ABC,340,187.4330282,8/6/2023
ABC,340,115.3954411,8/7/2023
ABC,341,118.5008204,8/8/2023
ABC,341,242.9889062,8/9/2023
ABC,341,208.6653856,8/10/2023
ABC,341,106.5538302,8/11/2023
ABC,341,218.0383988,8/12/2023
ABC,341,244.5470266,8/13/2023
ABC,341,175.6258682,8/14/2023
ABC,342,144.1931392,8/15/2023
ABC,342,152.4192866,8/16/2023
ABC,342,203.7946583,8/17/2023
ABC,342,249.7784904,8/18/2023
ABC,343,239.1447364,8/19/2023
ABC,343,186.9093461,8/20/2023
ABC,343,162.2723695,8/21/2023
ABC,343,234.5401349,8/22/2023
ABC,344,222.1107513,8/23/2023
ABC,344,161.6367056,8/24/2023
ABC,344,282.7275043,8/25/2023
ABC,344,150.4429243,8/26/2023
ABC,345,239.1481865,8/27/2023
ABC,345,252.1873233,8/28/2023
ABC,346,145.0390889,8/29/2023
ABC,346,249.1804413,8/30/2023
ABC,346,210.908674,8/31/2023
ABC,346,214.1412474,9/1/2023
ABC,347,223.7555782,9/2/2023
ABC,347,250.2207467,9/3/2023
ABC,347,273.637454,9/4/2023
ABC,347,157.1302845,9/5/2023
ABC,347,293.6929368,9/6/2023
ABC,347,149.9855028,9/7/2023
ABC,348,160.9271927,9/8/2023
ABC,348,150.7413074,9/9/2023
ABC,348,197.330616,9/10/2023
ABC,348,250.7919058,9/11/2023
ABC,349,260.973163,9/12/2023
ABC,349,283.7080229,9/13/2023
ABC,349,120.7812627,9/14/2023
ABC,349,238.9450076,9/15/2023
ABC,350,155.5220418,9/16/2023
ABC,350,191.4716594,9/17/2023
ABC,350,232.5757741,9/18/2023
ABC,350,128.3831406,9/19/2023
ABC,350,111.7335812,9/20/2023
ABC,350,282.7822164,9/21/2023
ABC,351,227.8648509,9/22/2023
ABC,351,101.3805034,9/23/2023
ABC,351,192.4431537,9/24/2023
ABC,351,144.5159696,9/25/2023
ABC,351,111.0807961,9/26/2023
ABC,351,207.901041,9/27/2023
ABC,351,189.155549,9/28/2023
ABC,351,274.3745639,9/29/2023
ABC,351,259.2441178,9/30/2023
ABC,352,114.832709,10/1/2023
ABC,352,231.090726,10/2/2023
ABC,352,254.8190899,10/3/2023
ABC,352,125.972296,10/4/2023
ABC,352,135.2867728,10/5/2023
ABC,353,133.2303251,10/6/2023
ABC,353,221.7822112,10/7/2023
ABC,353,221.5039159,10/8/2023
ABC,353,158.5422809,10/9/2023
ABC,353,124.2953282,10/10/2023
ABC,353,158.7358188,10/11/2023
ABC,353,190.1812134,10/12/2023
ABC,354,161.8302445,10/13/2023
ABC,354,129.173438,10/14/2023
ABC,354,283.0196576,10/15/2023
ABC,354,215.4720257,10/16/2023
ABC,354,233.3793792,10/17/2023
ABC,354,237.993575,10/18/2023
ABC,355,298.5003505,10/19/2023
ABC,355,276.939091,10/20/2023
ABC,355,260.7397276,10/21/2023
ABC,355,289.7655774,10/22/2023
ABC,355,148.263916,10/23/2023
ABC,355,232.9697177,10/24/2023
ABC,356,128.6785682,10/25/2023
ABC,356,123.4340413,10/26/2023
ABC,356,230.9546913,10/27/2023
ABC,356,189.6825038,10/28/2023
ABC,357,206.2263956,10/29/2023
ABC,357,282.8478734,10/30/2023
ABC,358,189.7582743,10/31/2023
ABC,358,150.6560905,11/1/2023
ABC,358,289.6471167,11/2/2023
ABC,358,211.8836983,11/3/2023
ABC,359,196.0723356,11/4/2023
ABC,359,187.4255559,11/5/2023
ABC,359,165.6700764,11/6/2023
ABC,359,185.0820077,11/7/2023
ABC,359,154.9671384,11/8/2023
ABC,360,154.3690028,11/9/2023
ABC,360,215.5612516,11/10/2023
ABC,360,299.0101586,11/11/2023
ABC,360,179.2365845,11/12/2023
ABC,360,239.1668578,11/13/2023
ABC,360,223.9157106,11/14/2023
ABC,360,203.084283,11/15/2023
ABC,361,238.0406189,11/16/2023
ABC,361,282.4977208,11/17/2023
ABC,361,231.4202946,11/18/2023
ABC,362,274.2353645,11/19/2023
ABC,362,166.4866218,11/20/2023
ABC,362,173.8540384,11/21/2023
ABC,362,130.8681054,11/22/2023
ABC,363,137.1991104,11/23/2023
ABC,363,163.208414,11/24/2023
ABC,363,256.4362473,11/25/2023
ABC,364,198.4588826,11/26/2023
ABC,364,129.2172539,11/27/2023
ABC,364,259.3437703,11/28/2023
ABC,364,289.9188486,11/29/2023
ABC,365,126.5309661,11/30/2023
ABC,366,110.4298132,12/1/2023
ABC,366,103.0595541,12/2/2023
ABC,366,145.5264898,12/3/2023
ABC,366,178.3944113,12/4/2023
ABC,367,149.6286686,12/5/2023
ABC,367,194.5239807,12/6/2023
ABC,367,196.2495478,12/7/2023
ABC,367,186.3339701,12/8/2023
ABC,368,233.5640216,12/9/2023
ABC,369,282.3511712,12/10/2023
ABC,369,121.0406011,12/11/2023
ABC,369,255.4559953,12/12/2023
ABC,369,293.7295935,12/13/2023
ABC,370,203.0106662,12/14/2023
ABC,370,194.9751814,12/15/2023
ABC,370,206.3789237,12/16/2023
ABC,371,200.6408834,12/17/2023
ABC,371,248.1273034,12/18/2023
ABC,372,205.0583525,12/19/2023
ABC,372,162.7612589,12/20/2023
ABC,372,181.126161,12/21/2023
ABC,372,295.7470803,12/22/2023
ABC,373,253.5221179,12/23/2023
ABC,374,290.7472509,12/24/2023
ABC,374,230.3810836,12/25/2023
ABC,374,220.0087121,12/26/2023
ABC,375,207.5875168,12/27/2023
ABC,375,230.4297662,12/28/2023
ABC,375,203.4743331,12/29/2023
ABC,375,237.4642882,12/30/2023
ABC,375,116.7727831,12/31/2023
ABC,375,117.0378072,1/1/2024
ABC,375,119.0995436,1/2/2024
ABC,376,289.6767135,1/3/2024
ABC,376,186.8431008,1/4/2024
ABC,377,111.1023182,1/5/2024
ABC,377,123.9902885,1/6/2024
ABC,377,141.0154382,1/7/2024
ABC,377,119.6534681,1/8/2024
ABC,377,183.2282348,1/9/2024
ABC,377,270.9863851,1/10/2024
ABC,377,261.6752274,1/11/2024
ABC,378,177.3037901,1/12/2024
ABC,378,200.1488313,1/13/2024
ABC,378,197.4449747,1/14/2024
ABC,378,152.0069229,1/15/2024
ABC,378,277.9307198,1/16/2024
ABC,379,252.0862945,1/17/2024
ABC,379,235.3556202,1/18/2024
ABC,380,108.1897589,1/19/2024
ABC,380,248.7652002,1/20/2024
ABC,380,228.1637138,1/21/2024
ABC,380,261.5608365,1/22/2024
ABC,380,228.0229053,1/23/2024
ABC,380,132.492311,1/24/2024
ABC,380,113.3918774,1/25/2024
ABC,380,292.2677032,1/26/2024
ABC,381,125.0768462,1/27/2024
ABC,381,121.4418989,1/28/2024
ABC,381,193.0322081,1/29/2024
ABC,382,133.4747954,1/30/2024
ABC,382,205.9338705,1/31/2024
ABC,382,169.4474772,2/1/2024
ABC,382,247.878845,2/2/2024
ABC,382,295.1034026,2/3/2024
ABC,382,210.3934749,2/4/2024
ABC,383,139.4933184,2/5/2024
ABC,383,247.5110865,2/6/2024
ABC,383,278.4053419,2/7/2024
ABC,383,203.0290236,2/8/2024
ABC,383,261.4273377,2/9/2024
ABC,384,104.570229,2/10/2024
ABC,384,211.8567208,2/11/2024
ABC,385,189.1030455,2/12/2024
ABC,385,266.2011409,2/13/2024
ABC,385,158.6001453,2/14/2024
ABC,385,295.2724039,2/15/2024
ABC,386,272.2020012,2/16/2024
ABC,386,215.4700942,2/17/2024
ABC,386,256.8648121,2/18/2024
ABC,386,158.401909,2/19/2024
ABC,387,121.8347592,2/20/2024
ABC,388,171.7522078,2/21/2024
ABC,389,154.6334692,2/22/2024
ABC,389,159.3062059,2/23/2024
ABC,389,223.7257924,2/24/2024
ABC,389,199.6478779,2/25/2024
ABC,389,169.9983783,2/26/2024
ABC,390,235.4518221,2/27/2024
ABC,390,188.6319724,2/28/2024
ABC,390,187.9774299,2/29/2024
ABC,390,296.7402371,3/1/2024
ABC,390,216.7809534,3/2/2024
ABC,390,201.7561688,3/3/2024
ABC,390,199.0961824,3/4/2024
ABC,391,218.1271013,3/5/2024
ABC,391,284.3275403,3/6/2024
ABC,391,131.4090021,3/7/2024
ABC,391,133.32259,3/8/2024
ABC,391,259.4010122,3/9/2024
ABC,391,140.6045634,3/10/2024
ABC,392,173.6029695,3/11/2024
ABC,392,107.1095413,3/12/2024
ABC,392,118.4589254,3/13/2024
ABC,392,186.2225677,3/14/2024
ABC,392,155.3355837,3/15/2024
ABC,393,239.5178093,3/16/2024
ABC,393,174.1433531,3/17/2024
ABC,393,240.5215907,3/18/2024
ABC,393,166.6552013,3/19/2024
ABC,394,222.7297544,3/20/2024
ABC,394,148.510685,3/21/2024
ABC,394,204.407332,3/22/2024
ABC,394,163.3028136,3/23/2024
ABC,395,223.6657952,3/24/2024
ABC,395,289.7244895,3/25/2024
ABC,395,173.2253676,3/26/2024
ABC,396,133.5252258,3/27/2024
ABC,397,278.076446,3/28/2024
ABC,397,180.8790104,3/29/2024
ABC,397,185.2533032,3/30/2024
ABC,398,147.7405191,3/31/2024
ABC,398,253.689162,4/1/2024
ABC,398,181.7348415,4/2/2024
ABC,398,146.1672533,4/3/2024
ABC,399,237.7169028,4/4/2024
ABC,399,207.8205295,4/5/2024
ABC,399,224.5439182,4/6/2024
ABC,399,109.1026625,4/7/2024
ABC,399,213.6331327,4/8/2024
ABC,399,261.996776,4/9/2024
ABC,399,130.2568292,4/10/2024
ABC,399,208.9832974,4/11/2024
ABC,400,217.5693966,4/12/2024
ABC,400,106.2649597,4/13/2024
ABC,400,213.9578476,4/14/2024
ABC,400,103.8564041,4/15/2024
ABC,400,186.9124726,4/16/2024
ABC,400,289.3220371,4/17/2024
ABC,400,160.4319906,4/18/2024
ABC,401,133.1389777,4/19/2024
ABC,401,256.0595711,4/20/2024
ABC,401,155.1796581,4/21/2024
ABC,401,169.1420817,4/22/2024
ABC,401,230.7709053,4/23/2024
ABC,402,197.2611405,4/24/2024
ABC,402,282.7356096,4/25/2024
ABC,402,119.393491,4/26/2024
ABC,402,223.2947758,4/27/2024
ABC,402,131.5259908,4/28/2024
ABC,403,121.8377218,4/29/2024
ABC,403,143.9031705,4/30/2024
ABC,403,260.2858169,5/1/2024
ABC,404,254.1165863,5/2/2024
ABC,404,245.2512722,5/3/2024
ABC,404,236.1050195,5/4/2024
ABC,404,244.8263991,5/5/2024
ABC,404,280.2367322,5/6/2024
ABC,404,255.576453,5/7/2024
ABC,405,124.4838789,5/8/2024
ABC,405,182.6477232,5/9/2024
ABC,405,221.9192519,5/10/2024
ABC,406,109.8552057,5/11/2024
ABC,407,152.2504512,5/12/2024
ABC,407,182.7214025,5/13/2024
ABC,407,158.3660993,5/14/2024
ABC,408,260.1363887,5/15/2024
ABC,409,197.6602797,5/16/2024
ABC,409,117.190804,5/17/2024
ABC,409,260.1285634,5/18/2024
ABC,409,131.4034782,5/19/2024
ABC,409,153.0391645,5/20/2024
ABC,410,288.3739098,5/21/2024
ABC,410,110.286649,5/22/2024
ABC,410,105.3372809,5/23/2024
ABC,410,128.5547344,5/24/2024
ABC,410,159.1764931,5/25/2024
ABC,411,136.4929226,5/26/2024
ABC,411,268.1885564,5/27/2024
ABC,412,157.5470148,5/28/2024
ABC,412,298.6746738,5/29/2024
ABC,413,165.4916649,5/30/2024
ABC,413,186.9011863,5/31/2024
ABC,413,195.8265671,6/1/2024
ABC,413,226.6246598,6/2/2024
ABC,414,249.2229818,6/3/2024
ABC,414,188.077155,6/4/2024
ABC,414,267.7001322,6/5/2024
ABC,415,114.5938714,6/6/2024
ABC,415,176.127434,6/7/2024
ABC,415,206.6887725,6/8/2024
ABC,416,275.2952403,6/9/2024
ABC,416,219.3829291,6/10/2024
ABC,416,177.0841468,6/11/2024
ABC,416,201.1070695,6/12/2024
ABC,416,127.8379951,6/13/2024
ABC,417,127.893806,6/14/2024
ABC,417,121.5141572,6/15/2024
ABC,417,114.9487446,6/16/2024
ABC,417,222.3816048,6/17/2024
ABC,417,117.6529949,6/18/2024
ABC,418,112.6979408,6/19/2024
ABC,418,198.4175732,6/20/2024
ABC,418,186.2388827,6/21/2024
ABC,418,206.1673818,6/22/2024
ABC,419,189.3129596,6/23/2024
ABC,419,253.4966611,6/24/2024
ABC,419,281.4870798,6/25/2024
ABC,419,204.6677709,6/26/2024
ABC,419,109.5214087,6/27/2024
ABC,419,140.1692037,6/28/2024
ABC,419,230.0695799,6/29/2024
ABC,420,169.7907057,6/30/2024
ABC,420,196.8540178,7/1/2024
ABC,420,222.4250029,7/2/2024
ABC,420,113.8532023,7/3/2024
ABC,420,126.6860372,7/4/2024
ABC,421,197.4221188,7/5/2024
ABC,421,215.9195488,7/6/2024
ABC,421,105.4956782,7/7/2024
ABC,421,174.9998884,7/8/2024
ABC,421,182.4810488,7/9/2024
ABC,421,234.6777494,7/10/2024
ABC,422,179.0981482,7/11/2024
ABC,422,154.5003641,7/12/2024
ABC,422,121.8720635,7/13/2024
ABC,422,147.974365,7/14/2024
ABC,422,147.6810136,7/15/2024
ABC,423,177.0195971,7/16/2024
ABC,423,270.5528454,7/17/2024
ABC,423,274.1030681,7/18/2024
ABC,424,272.9142226,7/19/2024
ABC,424,159.097979,7/20/2024
ABC,424,171.4282593,7/21/2024
ABC,425,266.9580913,7/22/2024
ABC,426,121.8265179,7/23/2024
ABC,426,287.6454502,7/24/2024
ABC,426,297.1932631,7/25/2024
ABC,426,156.0253346,7/26/2024
ABC,426,191.8956297,7/27/2024
ABC,426,247.6981916,7/28/2024
ABC,426,231.3559257,7/29/2024
ABC,426,281.0262654,7/30/2024
ABC,426,220.2310446,7/31/2024
ABC,427,242.2749781,8/1/2024
ABC,428,200.5419332,8/2/2024
ABC,429,184.688302,8/3/2024
ABC,429,283.3287298,8/4/2024
ABC,429,239.4960275,8/5/2024
ABC,430,217.5803665,8/6/2024
ABC,430,101.2635573,8/7/2024
ABC,430,205.6708816,8/8/2024
ABC,430,193.8598268,8/9/2024
ABC,430,148.5989775,8/10/2024
ABC,430,287.3066808,8/11/2024
ABC,430,246.2980804,8/12/2024
ABC,431,145.9788417,8/13/2024
ABC,431,267.5394073,8/14/2024
ABC,431,135.2298519,8/15/2024
ABC,431,291.0619253,8/16/2024
ABC,431,258.1627334,8/17/2024
ABC,431,298.2281519,8/18/2024
ABC,431,230.2779178,8/19/2024
ABC,432,241.7488513,8/20/2024
ABC,432,237.8220455,8/21/2024
ABC,433,296.3453779,8/22/2024
ABC,433,145.0082821,8/23/2024
ABC,433,144.0845715,8/24/2024
ABC,433,152.6106776,8/25/2024
ABC,434,109.2111219,8/26/2024
ABC,434,250.5042812,8/27/2024
ABC,434,195.6544688,8/28/2024
ABC,434,248.5535486,8/29/2024
ABC,434,122.4673948,8/30/2024
ABC,434,180.7627945,8/31/2024
ABC,435,159.4040939,9/1/2024
ABC,435,265.7316418,9/2/2024
ABC,435,199.3353566,9/3/2024
ABC,435,262.8916029,9/4/2024
ABC,436,121.0899173,9/5/2024
ABC,436,218.1114407,9/6/2024
ABC,436,171.5650195,9/7/2024
ABC,436,215.2248616,9/8/2024
ABC,436,212.0727047,9/9/2024
ABC,437,283.11129,9/10/2024
ABC,437,172.505501,9/11/2024
ABC,437,149.7329414,9/12/2024
ABC,438,241.5428299,9/13/2024
ABC,438,224.5340968,9/14/2024
ABC,438,207.1828222,9/15/2024
ABC,438,290.3713865,9/16/2024
ABC,438,143.2229424,9/17/2024
ABC,438,291.2732091,9/18/2024
ABC,438,253.9918586,9/19/2024
ABC,439,269.7338062,9/20/2024
ABC,439,132.0726323,9/21/2024
ABC,439,168.3777579,9/22/2024
ABC,439,287.264011,9/23/2024
ABC,439,196.2985979,9/24/2024
ABC,440,243.4760988,9/25/2024
ABC,440,299.211647,9/26/2024
ABC,440,268.4892843,9/27/2024
ABC,440,266.8748466,9/28/2024
ABC,440,222.413069,9/29/2024
ABC,441,135.9492014,9/30/2024
ABC,441,174.0711979,10/1/2024
ABC,441,190.7663079,10/2/2024
ABC,441,164.530029,10/3/2024
ABC,441,214.3083417,10/4/2024
ABC,441,191.2288472,10/5/2024
ABC,442,169.0827861,10/6/2024
ABC,442,132.5024834,10/7/2024
ABC,442,147.8346558,10/8/2024
ABC,442,158.2632826,10/9/2024
ABC,443,115.7522243,10/10/2024
ABC,443,126.3329286,10/11/2024
ABC,444,264.9126481,10/12/2024
ABC,444,149.1127905,10/13/2024
ABC,444,183.2175339,10/14/2024
ABC,444,132.3106435,10/15/2024
ABC,445,178.6334716,10/16/2024
ABC,445,194.3083249,10/17/2024
ABC,445,227.8635832,10/18/2024
ABC,445,185.4543653,10/19/2024
ABC,445,186.7482092,10/20/2024
ABC,445,229.2997297,10/21/2024
ABC,445,292.6634615,10/22/2024
ABC,446,106.3874467,10/23/2024
ABC,446,209.4417056,10/24/2024
ABC,446,162.7440358,10/25/2024
ABC,446,138.7492526,10/26/2024
ABC,447,231.6793805,10/27/2024
ABC,447,118.2001641,10/28/2024
ABC,447,200.9051834,10/29/2024
ABC,448,266.0698818,10/30/2024
ABC,448,137.3188835,10/31/2024
ABC,448,205.1893987,11/1/2024
ABC,448,277.8766464,11/2/2024
ABC,448,299.6127804,11/3/2024
ABC,448,167.4547678,11/4/2024
ABC,449,251.6780073,11/5/2024
ABC,449,120.8097943,11/6/2024
ABC,449,181.4292679,11/7/2024
ABC,449,129.5610685,11/8/2024
ABC,450,138.4899441,11/9/2024
ABC,450,156.4765657,11/10/2024
ABC,450,242.1410999,11/11/2024
ABC,450,151.076254,11/12/2024
ABC,451,167.3307961,11/13/2024
ABC,451,152.1208223,11/14/2024
ABC,451,219.4167448,11/15/2024
ABC,451,194.4301404,11/16/2024
ABC,451,268.5634439,11/17/2024
ABC,451,270.9868328,11/18/2024
ABC,451,222.120321,11/19/2024
ABC,451,178.6529976,11/20/2024
ABC,452,126.8314693,11/21/2024
ABC,452,171.4294862,11/22/2024
ABC,452,169.4799506,11/23/2024
ABC,453,177.5944443,11/24/2024
ABC,453,274.0885157,11/25/2024
ABC,453,237.0780268,11/26/2024
ABC,453,137.4854063,11/27/2024
ABC,453,103.9165565,11/28/2024
ABC,454,124.4164674,11/29/2024
ABC,454,173.6678109,11/30/2024
ABC,455,202.317682,12/1/2024
ABC,455,105.4266904,12/2/2024
ABC,455,234.4189321,12/3/2024
ABC,455,133.8589253,12/4/2024
ABC,455,256.3721261,12/5/2024
ABC,455,122.1913616,12/6/2024
ABC,455,164.3680367,12/7/2024
ABC,455,245.0468531,12/8/2024
ABC,455,195.5648003,12/9/2024
ABC,456,157.809519,12/10/2024
ABC,456,220.7183707,12/11/2024
ABC,457,240.2249966,12/12/2024
ABC,457,124.6510839,12/13/2024
ABC,457,208.7682131,12/14/2024
ABC,457,209.6636613,12/15/2024
ABC,457,111.6808222,12/16/2024
ABC,458,276.5772713,12/17/2024
ABC,458,234.3141399,12/18/2024
ABC,459,255.7454234,12/19/2024
ABC,459,244.7528375,12/20/2024
ABC,459,200.6523804,12/21/2024
ABC,459,104.1505144,12/22/2024
ABC,459,175.4997815,12/23/2024
ABC,459,107.8252537,12/24/2024
ABC,459,146.4264823,12/25/2024
ABC,459,175.3971709,12/26/2024
ABC,459,176.9385367,12/27/2024
ABC,460,286.6792482,12/28/2024
ABC,460,237.9589246,12/29/2024
ABC,460,215.047308,12/30/2024
ABC,460,236.454317,12/31/2024
ABC,461,100.3503998,1/1/2025
ABC,461,246.4868815,1/2/2025
ABC,461,289.1056247,1/3/2025
ABC,461,151.8416004,1/4/2025
ABC,462,233.211632,1/5/2025
ABC,462,132.9338252,1/6/2025
ABC,462,245.3117737,1/7/2025
ABC,462,107.5728885,1/8/2025
ABC,462,103.6606617,1/9/2025
ABC,462,126.8013063,1/10/2025
ABC,463,173.0736476,1/11/2025
ABC,463,208.1838172,1/12/2025
ABC,463,180.7035062,1/13/2025
ABC,463,130.2103733,1/14/2025
ABC,464,235.5666696,1/15/2025
ABC,464,200.287184,1/16/2025
ABC,464,281.3412398,1/17/2025
ABC,464,263.8822075,1/18/2025
ABC,464,190.4277019,1/19/2025
ABC,465,156.9805075,1/20/2025
ABC,465,137.4115826,1/21/2025
ABC,465,126.2393287,1/22/2025
ABC,465,157.9396323,1/23/2025
ABC,465,288.8381355,1/24/2025
ABC,465,117.8150993,1/25/2025
ABC,465,234.9303866,1/26/2025
ABC,465,102.8385128,1/27/2025
ABC,465,102.0544923,1/28/2025
ABC,466,267.9030328,1/29/2025
ABC,466,217.7370415,1/30/2025
ABC,466,234.1057965,1/31/2025
ABC,466,131.3934057,2/1/2025
ABC,467,113.0996708,2/2/2025
ABC,467,131.8789884,2/3/2025
ABC,467,245.5561466,2/4/2025
ABC,467,271.6295991,2/5/2025
ABC,467,102.0781158,2/6/2025
ABC,468,188.584657,2/7/2025
ABC,468,277.3613422,2/8/2025
ABC,469,194.7582163,2/9/2025
ABC,469,169.3299155,2/10/2025
ABC,469,216.0266066,2/11/2025
ABC,470,123.9324036,2/12/2025
ABC,470,202.5393232,2/13/2025
ABC,471,281.4160203,2/14/2025
ABC,471,234.0944442,2/15/2025
ABC,471,211.4566143,2/16/2025
ABC,471,242.2936656,2/17/2025
ABC,471,191.2625178,2/18/2025
ABC,471,172.7806714,2/19/2025
ABC,471,176.4728543,2/20/2025
ABC,472,124.7159378,2/21/2025
ABC,472,138.6845022,2/22/2025
ABC,472,192.6929177,2/23/2025
ABC,472,196.0953688,2/24/2025
ABC,472,114.6386126,2/25/2025
ABC,473,148.0034014,2/26/2025
ABC,473,121.7567607,2/27/2025
ABC,473,272.4730513,2/28/2025
ABC,473,294.2729364,3/1/2025
ABC,473,218.5150552,3/2/2025
ABC,473,105.3006805,3/3/2025
ABC,474,239.7264837,3/4/2025
ABC,474,280.1395917,3/5/2025
ABC,474,120.4232758,3/6/2025
ABC,475,218.0396565,3/7/2025
ABC,475,186.0709568,3/8/2025
ABC,475,288.4300444,3/9/2025
ABC,475,272.3014869,3/10/2025
ABC,476,163.0941133,3/11/2025
ABC,476,258.328196,3/12/2025
ABC,476,207.1666726,3/13/2025
ABC,476,129.927057,3/14/2025
ABC,477,170.8619651,3/15/2025
ABC,477,224.3114136,3/16/2025
ABC,477,139.5323336,3/17/2025
ABC,477,262.9195407,3/18/2025
ABC,477,205.7260653,3/19/2025
ABC,478,180.1776596,3/20/2025
ABC,478,220.414792,3/21/2025
ABC,478,157.0220155,3/22/2025
ABC,478,220.8982135,3/23/2025
ABC,479,280.8555899,3/24/2025
ABC,479,116.5444021,3/25/2025
ABC,480,105.6458053,3/26/2025
ABC,480,242.4948676,3/27/2025
ABC,480,252.4655949,3/28/2025
ABC,480,118.7224005,3/29/2025
ABC,480,239.6702426,3/30/2025
ABC,480,197.2412181,3/31/2025
ABC,481,120.2215349,4/1/2025
ABC,481,219.590464,4/2/2025
ABC,481,206.8918884,4/3/2025
ABC,481,282.8429203,4/4/2025
ABC,482,159.350573,4/5/2025
ABC,482,220.2071057,4/6/2025
ABC,483,147.9387264,4/7/2025
ABC,483,160.6296076,4/8/2025
ABC,483,183.471164,4/9/2025
ABC,484,276.2609623,4/10/2025
ABC,485,298.7717328,4/11/2025
ABC,485,159.1096932,4/12/2025
ABC,485,172.308071,4/13/2025
ABC,486,160.301225,4/14/2025
ABC,486,101.344951,4/15/2025
ABC,486,118.6276034,4/16/2025
ABC,486,124.5271485,4/17/2025
ABC,486,237.0175242,4/18/2025
ABC,486,299.4024866,4/19/2025
ABC,487,151.0267756,4/20/2025
ABC,487,209.4609871,4/21/2025
ABC,487,120.2819357,4/22/2025
ABC,487,124.1926975,4/23/2025
ABC,488,140.5617002,4/24/2025
ABC,488,171.308623,4/25/2025
ABC,488,173.861668,4/26/2025
ABC,488,124.7837116,4/27/2025
ABC,488,259.6924769,4/28/2025
ABC,488,107.0996534,4/29/2025
ABC,489,122.4355448,4/30/2025
ABC,489,139.7692067,5/1/2025
ABC,489,214.8839203,5/2/2025
ABC,489,220.0989455,5/3/2025
ABC,489,279.0340154,5/4/2025
ABC,490,293.1201641,5/5/2025
ABC,490,197.6298184,5/6/2025
ABC,490,282.4117012,5/7/2025
ABC,490,100.7897405,5/8/2025
ABC,491,119.5091611,5/9/2025
ABC,491,103.8406889,5/10/2025
ABC,491,270.343002,5/11/2025
ABC,491,299.294676,5/12/2025
ABC,491,205.9639177,5/13/2025
ABC,492,207.9339626,5/14/2025
ABC,492,267.1633446,5/15/2025
ABC,492,221.8999472,5/16/2025
ABC,492,147.7067655,5/17/2025
ABC,493,192.2805274,5/18/2025
ABC,493,162.6505088,5/19/2025
ABC,493,295.4983312,5/20/2025
ABC,493,258.6791094,5/21/2025
ABC,493,105.1436822,5/22/2025
ABC,494,200.5245382,5/23/2025
ABC,494,299.2895367,5/24/2025
ABC,494,136.1713929,5/25/2025
ABC,494,282.1293652,5/26/2025
ABC,495,165.8937173,5/27/2025
ABC,495,138.6529646,5/28/2025
ABC,496,213.7335543,5/29/2025
ABC,496,136.1454724,5/30/2025
ABC,496,161.79227,5/31/2025
ABC,496,100.5734342,6/1/2025
ABC,496,220.1561452,6/2/2025
ABC,497,263.7837631,6/3/2025
ABC,497,270.4556564,6/4/2025
ABC,497,127.2104588,6/5/2025
ABC,497,148.410615,6/6/2025
ABC,497,221.3064883,6/7/2025
ABC,497,107.9278853,6/8/2025
ABC,497,234.0300967,6/9/2025
ABC,497,231.943752,6/10/2025
ABC,497,216.4976856,6/11/2025
ABC,497,229.9352516,6/12/2025
ABC,497,299.8626961,6/13/2025
ABC,497,105.3350111,6/14/2025
ABC,498,253.3176249,6/15/2025
ABC,498,111.4683025,6/16/2025
ABC,498,222.2652298,6/17/2025
ABC,499,296.188894,6/18/2025
ABC,499,257.7792238,6/19/2025
ABC,500,155.1545746,6/20/2025
ABC,500,298.3547368,6/21/2025
ABC,500,193.8374371,6/22/2025
